SiteID,SiteName,Latitude,Longitude,DatasetID,DatasetType,AgeOldest,AgeYoungest,,
18,South Soefje Bog,29.6,-97.516944,3772,pollen,7900,120,,
27,Aliuk Pond,54.583333,-57.366667,27,pollen,8037,4182,,
196,Hell's Kitchen Lake,46.18693,-89.702685,3131,pollen,2040,2,,
197,Lake Mary,46.25,-89.9,3473,pollen,11604,231,,
209,Antelope Playa,43.5,-105.45,210,pollen,6626,6626,,
213,Arrington Marsh,39.495,-95.526667,214,pollen,22489,15976,,
229,Barchampe Lake,30.622222,-83.253889,232,pollen,7281,52,,
232,Barry Lake,44.3,-77.916667,235,pollen,10311,13,,
234,Basin Pond,44.47,-70.05,237,pollen,1605,15,,
246,Beef Pasture,37.473105,-108.160375,250,pollen,1203,1203,,
254,Berry Pond,42.5,-73.316667,260,pollen,666,15,,
257,Lake BI2,57.116667,-76.378333,3471,pollen,7298,1912,,
270,Bishops Falls,48.936111,-55.505556,276,pollen,4169,4169,,
273,Blacktail Pond,44.95611,-110.60071,279,pollen,4134,4134,,
275,BL-Tombigbee,33.563333,-88.474444,281,pollen,10702,679,,
276,Blackhoof Site,46.503333,-92.573333,282,pollen,11633,10147,,
281,Blue Mounds Creek,43.083333,-89.866667,287,pollen,11810,17,,
289,Bob Black Pond,34.323611,-84.868056,295,pollen,23578,13112,,
295,Boney Spring,38.111944,-93.366944,3067,pollen,23457,17000,,
298,Boriack Bog,30.36,-97.126111,304,pollen,15962,0,,
302,Boundary Pond,45.566667,-70.675,308,pollen,10916,0,,
311,Buckbean Fen,44.298611,-110.260556,318,pollen,10406,10406,,
312,Buck Lake,27.234444,-81.332222,319,pollen,8358,50,,
325,Camp 11 Lake,46.666667,-88.016667,332,pollen,11771,98,,
331,Carbuncle Pond,41.7,-71.783333,338,pollen,1085,0,,
339,Cascade Fen [Engineer Mountain Bog],37.647645,-107.808675,347,pollen,2293,1739,,
349,Chalco Lake,19.5,-99,357,pollen,18198,45,,
360,Chippewa Bog,43.123889,-83.241111,369,pollen,11608,589,,
364,Chatsworth Bog,40.675865,-88.324435,375,pollen,13260,800,,
479,Clear Lake,41.638535,-86.544595,490,pollen,15014,0,,
481,Clearwater Lake,50.873611,-107.933333,493,pollen,5480,4399,,
482,Clear Pond,43.748575,-74.016955,494,pollen,1892,8,,
485,Colo Marsh,42.02,-93.27,497,pollen,13500,0,,
489,Compass Pond,50.034167,-56.196389,501,pollen,8183,2625,,
491,Conroy Lake,46.283333,-67.883333,503,pollen,1970,1,,
494,Copley Lake,38.87213,-107.08309,506,pollen,10645,9274,,
504,Crane Lake,36.52986,-112.148895,517,pollen,12589,5873,,
512,Crowfoot Lake,51.65,-116.416667,525,pollen,14024,14024,,
518,Cub Lake,44.7,-84.958333,532,pollen,9366,33,,
520,Cub Lake,44.125,-111.183333,534,pollen,10797,10797,,
527,Cycloid Lake,55.266667,-105.266667,17292,pollen,266,266,,
529,Hershop Bog,29.583333,-97.608333,3132,pollen,10281,9309,,
531,Dark Lake,45.275,-91.475,546,pollen,22720,30,,
534,Davis Lake,46.591667,-122.25,550,pollen,18173,255,,
562,Tom Swamp,42.516667,-72.2125,3789,pollen,13207,8364,,
661,Demont Lake,43.48,-85,679,pollen,14181,17,,
666,Devils Lake,43.4178,-89.73205,684,pollen,14342,5,,
679,Dismal Swamp (91),36.583333,-76.45,699,pollen,9574,39,,
680,Disterhaft Farm Bog,43.916944,-89.166944,700,pollen,13840,699,,
680,Disterhaft Farm Bog,43.916944,-89.166944,3081,pollen,15591,612,,
728,Heart Lake,44.18236,-73.96963,3130,pollen,12000,0,,
745,Upper Wallface Pond,44.148295,-74.055675,3830,pollen,12561,200,,
751,Rockyhock Bay,36.166667,-76.683333,3582,pollen,22900,0,,
753,Duck Pond,41.9327,-70.0005,772,pollen,11729,0,,
754,Lac Dufresne,45.85,-70.35,773,pollen,11673,0,,
758,Eagle Lake,53.233333,-58.55,777,pollen,6098,1123,,
763,East Baltic Bog,46.408333,-62.15,782,pollen,8740,18,,
770,E Lake,50.69095,-99.65835,3125,pollen,12763,194,,
771,Eldora Fen,39.936667,-105.58,790,pollen,2220,820,,
775,Ely Lake,41.766667,-75.833333,795,pollen,2370,10,,
786,Ernst Brother's Pit,43.233056,-88.041944,806,pollen,13409,7646,,
788,East Sooke Fen,48.351944,-123.681667,808,pollen,12518,7137,,
804,Ferndale Bog,34.405556,-95.808333,828,pollen,2191,2191,,
807,First,41.135825,-75.027055,831,pollen,179,6,,
810,Beaverhouse Lake,54.742222,-101.681667,834,pollen,9831,514,,
819,Forge Pond,40.855833,-74.399167,845,pollen,215,5,,
821,Frains Lake,42.33,-83.63,847,pollen,18841,35,,
827,Frying Pan Lake,38.616667,-111.666667,853,pollen,4866,4866,,
834,Gause Bog,30.785,-96.721111,861,pollen,10188,5688,,
844,Giles,41.37709,-75.093185,873,pollen,399,8,,
845,Upper Gillies Lake,46.066667,-60.391667,874,pollen,8739,0,,
849,Jones Lake [Glenboro site],49.448,-99.28965,878,pollen,12218,0,,
937,Gold Lake Bog,43.65,-122.041667,966,pollen,8131,8131,,
942,Gould's Bog,42.533333,-72.183333,972,pollen,13280,27,,
944,Grand Rapids,53,-98.25,974,pollen,7296,931,,
948,Gravel Ridge,55.033333,-62.633333,978,pollen,5997,1591,,
952,Green Lake,44.883333,-85.116667,982,pollen,14107,415,,
953,Green Pond,41.005055,-74.49534,983,pollen,1451,8,,
957,Grey Islands,50.768889,-55.516667,987,pollen,11348,133,,
960,Guardipee Lake,48.55,-112.716667,991,pollen,5227,5227,,
968,Hack Pond,37.984722,-78.997222,999,pollen,17460,0,,
969,Hafichuk Site,50.320556,-105.883889,1000,pollen,13295,12209,,
973,Hansen Marsh,43.439585,-89.670815,1004,pollen,23536,1652,,
977,Harrie Lake,52.933333,-66.95,1008,pollen,7183,3698,,
981,Hawley Bog Pond-1,42.566667,-72.883333,1012,pollen,11959,752,,
1080,Houghton Bog,42.541667,-78.670278,1113,pollen,11892,17,,
1081,Howes Prairie Marsh,41.65,-87.072222,1114,pollen,3202,50,,
1100,Hudson Lake,41.67,-86.53,1133,pollen,14116,42,,
1114,Indian Prairie Fen,44.633333,-122.575,1148,pollen,8603,509,,
1117,Iola Bog,44.5,-89.116944,1151,pollen,11676,117,,
1125,Jackson Pond,37.43255,-85.72462,15081,pollen,23942,447,,
1245,Wilcox Lake,43.95,-79.43,17672,pollen,15627,91,,
1411,Kellners Lake,44.238056,-87.848056,1448,pollen,16664,101,,
1415,Kenosee Lake,49.816667,-102.3,1452,pollen,1181,25,,
1416,Marais de Keswick,44.195833,-79.512778,3454,pollen,3900,46,,
1483,Kirchner Marsh,44.77085,-93.12255,1520,pollen,13695,181,,
1485,Kirk Lake,48.233333,-121.616667,1523,pollen,10351,248,,
1510,Kotiranta Lake,46.714235,-92.587195,1548,pollen,12116,424,,
1530,Lacawac,41.382145,-75.29131,1568,pollen,720,8,,
1531,Lac Colin,46.716667,-70.3,1569,pollen,11100,0,,
1532,Lac Hamard,54.8,-67.5,1570,pollen,4114,4114,,
1533,Lac Louis,47.2875,-79.116667,1571,pollen,9310,0,,
1541,Lake 27,45.066667,-84.783333,1581,pollen,3263,100,,
1543,Lake A,53.2375,-105.725,1583,pollen,8561,1984,,
1546,Lake B,53.8,-106.079167,1586,pollen,1326,900,,
1547,Lake BN7,55.009167,-73.516667,1587,pollen,7400,1892,,
1548,Lake Carlson,44.79985,-93.15975,1588,pollen,4016,6,,
1549,Lake CH2,49.683333,-74.583333,1590,pollen,8268,0,,
1550,Lake EC1,56.283333,-75.1,1591,pollen,6161,2517,,
1551,Lake EC2,56.023333,-74.945,1592,pollen,6683,288,,
1553,Lake GB1,55.110833,-75.248889,1594,pollen,6375,168,,
1554,Lake GB2,56.1,-75.283333,1595,pollen,6333,411,,
1556,Lake LB1,57.916667,-75.616667,1598,pollen,6227,1067,,
1557,Lake LR1,58.583333,-75.25,1599,pollen,4080,4080,,
1558,Lake LR3,58.578333,-75.245,1601,pollen,3472,496,,
1559,Lake LT1,58.141667,-75.15,1603,pollen,3104,2354,,
1568,Langdale Pond,30.641667,-83.195,1614,pollen,6562,0,,
1576,Leading Tickles,49.471389,-55.473056,1622,pollen,9521,3154,,
1590,Little Bass Lake,47.286,-93.600465,1639,pollen,12315,13,,
1591,Little Lake,45.143555,-66.713325,1640,pollen,12643,0,,
1593,Little Pine Lake,45.283333,-91.483333,1643,pollen,20879,30,,
1594,LDDsite5772,44.8,-76.683056,1644,pollen,10813,10,,
1597,Lake Annie,27.20731,-81.350875,1648,pollen,19958,64,,
1598,Lake of the Clouds,48.142555,-91.11254,3483,pollen,960,0,,
1599,Lake Hope Simpson,52.45,-56.433333,1650,pollen,8492,3110,,
1605,Lofty Lake,54.725278,-112.480833,1656,pollen,683,683,,
1607,Lonesome Lake,44.14,-71.701111,1658,pollen,10529,439,,
1608,Long Lake (CA:Nunavut),62.633333,-101.233333,1659,pollen,694,694,,
1609,Long Lake,36.005556,-108.833333,1660,pollen,23588,14296,,
1613,Lost Lake,46.719435,-87.97207,1665,pollen,10036,0,,
1614,Lost Lake,47.63516,-110.48434,1666,pollen,9420,1564,,
1615,Lost P.,44.246944,-71.251389,1667,pollen,13472,20,,
1617,Lake Louise,30.725,-83.258333,3484,pollen,10641,0,,
1619,Loxahatchee National Wildlife Refuge Site 1 (EPA Site 7),26.481111,-80.415556,1671,pollen,1166,1166,,
1646,Maplehurst Lake,43.225,-80.659722,1701,pollen,13042,30,,
1652,Martin Pond,47.173975,-94.943965,1708,pollen,606,0,,
1656,Mashapaug Pond,41.783333,-71.433333,1712,pollen,4353,0,,
1667,McLaughlan Lake,45.363333,-76.554167,1723,pollen,10108,6000,,
1684,Mermaid Bog,46.25,-63.025,1740,pollen,9195,71,,
1703,Mirror Pool,46.525833,-97.241389,1759,pollen,9000,9000,,
1705,Molas Lake,37.74759,-107.682735,1761,pollen,14816,82,,
1706,Molas Pass Bog,37.737778,-107.6975,1762,pollen,3417,65,,
1707,Monhegan Island Meadow,43.766667,-69.3,1763,pollen,9316,228,,
1710,Montezuma Well,34.6492,-111.75225,1766,pollen,12838,30,,
1712,18 [Moraine Lake],52.266667,-58.05,1769,pollen,10938,0,,
1716,Moulton Pond,44.6275,-68.639167,1773,pollen,13904,0,,
1718,Mud Creek Site 1,25.219722,-80.604722,1775,pollen,1350,412,,
1719,Mud Lake,29.29993,-81.86601,1776,pollen,8354,0,,
1725,Muscotah Marsh,39.53,-95.513333,1782,pollen,17897,70,,
1725,Muscotah Marsh,39.53,-95.513333,3495,pollen,11214,10169,,
1732,Natural Lake,34.663333,-95.386111,1789,pollen,2588,150,,
1763,Northwest River Pond,53.516667,-60.166667,1821,pollen,1530,1530,,
1768,Old Field,37.116667,-89.833333,1826,pollen,9170,3480,,
1797,Pasacaco Pond,41.516667,-71.45,1859,pollen,1252,0,,
1803,Patschke Bog,30.366667,-97.116667,3500,pollen,15817,428,,
1804,Lake Patzcuaro,19.583333,-101.583333,1866,pollen,23799,64,,
1824,Perch Lake,51.651389,-100.898889,1888,pollen,5625,86,,
1833,Pilot Mound Site,42.16,-93.9,1897,pollen,13500,337,,
1835,Pinckneyville Creek Site 20,31.048333,-91.481944,1899,pollen,18790,18790,,
1840,Pink Lake,45.469444,-75.808333,1904,pollen,11760,18,,
1842,Pixie Lake,48.596389,-124.196667,1906,pollen,9908,9518,,
1903,Portage Bog,46.673611,-64.075,1968,pollen,9862,28,,
1905,Posy Lake,37.93746,-111.696035,1970,pollen,8221,5352,,
1906,Potato Lake,34.462222,-111.345278,3560,pollen,10936,1397,,
1906,Potato Lake,34.462222,-111.345278,3561,pollen,10478,1389,,
1909,Chesapeake Bay, Parker Creek,38.547778,-76.478611,1975,pollen,1183,50,
1915,Point Escuminac,47.075,-64.8,1981,pollen,9490,0,,
1916,Chesapeake Bay, Potomac River,38.026944,-76.22,1982,pollen,3094,326,
1918,Chesapeake Bay, Patuxent River (2-P-5),38.333333,-76.309722,1984,pollen,674,175,
1936,Quarles Pond,37.995833,-79.072222,2003,pollen,12647,2172,,
1938,Lake Quexil,16.916667,-89.816667,2005,pollen,23878,9897,,
1939,Quicksand Pond,34.326389,-84.865278,2006,pollen,17410,13613,,
1954,Ramsay Lake,45.6,-76.1,2023,pollen,10938,10,,
1959,Rayburn's Dome,32.466667,-93.166667,2030,pollen,20889,12798,,
1976,Redrock Lake,40.083333,-105.541667,2049,pollen,4000,840,,
1987,Chesapeake Bay, Rhode River,38.886389,-76.394722,2061,pollen,2714,63,
2194,Rogers Lake,41.3525,-72.29915,2270,pollen,15153,79,,
2212,Rose Lake,41.916667,-77.925,2289,pollen,14432,75,,
2214,Ross Pond,43.921389,-69.410278,2292,pollen,11882,102,,
2231,Ruby Lake,45.283333,-91.458333,2309,pollen,810,10,,
2235,Rutz Lake,44.87083,-93.858975,2314,pollen,13628,5,,
2241,Sagehen Marsh,37.473889,-108.503889,3608,pollen,1350,1350,,
2257,Sandy Cove Pond,54.4,-57.716667,2337,pollen,2225,2225,,
2258,San Joaquin Marsh,33.658333,-117.858333,2338,pollen,5912,5376,,
2269,Scott Lake,27.965415,-81.94163,2349,pollen,4527,49,,
2274,Seidel,44.45,-87.515556,3620,pollen,1055,22,,
2285,LD Lake,50.140278,-67.131944,2367,pollen,7106,0,,
2290,Sewell Lake,49.84135,-99.5763,2372,pollen,12473,0,,
2295,Shaws Bog,45.016667,-64.183333,2377,pollen,8967,0,,
2298,Sheley Pond,31.080833,-81.636944,2380,pollen,819,25,,
2302,Silver Lake,44.563333,-63.642778,2384,pollen,14544,0,,
2303,Silver Lake,40.354335,-83.812515,2385,pollen,13182,25,,
2304,Silver,41.25132,-74.986015,2386,pollen,787,0,,
2492,Slough Creek Pond,44.933333,-110.35,2576,pollen,4588,1253,,
2508,Spruce Pond,41.23687,-74.1833,2593,pollen,15210,119,,
2512,Stages Pond,39.668056,-82.9375,2598,pollen,3739,64,,
2516,Saint John Island Pond,53.95,-58.916667,2603,pollen,6906,6906,,
2527,Sutherland Pond,41.391389,-74.037778,2617,pollen,18025,44,,
2530,Swan Lake,41.72106,-102.499255,2620,pollen,3901,32,,
2531,Swartswood Lake,41.072335,-74.83698,2621,pollen,1549,10,,
2534,Tamarack Creek,44.15,-91.45,2624,pollen,5060,12,,
2538,Williams Street Bog,41.9,-71.066667,2628,pollen,15938,8867,,
2539,Taupawshas Bog,41.275,-70.058333,2629,pollen,10804,619,,
2540,Taylor Creek Site 2,25.205556,-80.643889,2630,pollen,161,5,,
2541,Taylor Lake,46.100556,-123.906667,2631,pollen,4712,14,,
2549,Petit Lac Terrien,46.58,-70.62,2639,pollen,12245,100,,
2570,Lake Tulane,27.58613,-81.503395,2663,pollen,23878,20,,
2576,Tunturi Lake,55.016667,-67.5,2669,pollen,3583,3583,,
2791,Unknown Pond,45.60459,-70.633335,2886,pollen,12415,0,,
2795,Upper South Branch Pond,46.090115,-68.893285,2892,pollen,9159,0,,
2814,Vestaburg Bog,43.416667,-84.883333,3831,pollen,20200,0,,
2846,Water Conservation Area 2A, Site 2 (Site F1),26.359722,-80.370556,2943,pollen,37,37,
2847,Water Conservation Area 2A, Site 3 (Site U3),26.2875,-80.411389,2944,pollen,1668,16,
2848,Water Conservation Area 3A, Site 4 (CA315 (AAS)),25.974,-80.6688,2945,pollen,3,3,
2849,Weber Lake,47.471667,-91.66,3837,pollen,15000,29,,
2850,Wells Mastodon Site,41.083333,-86.433333,2947,pollen,11891,1833,,
2853,Whiskey Lake,35.981944,-108.810833,2950,pollen,20192,20192,,
2936,Woodcliff Lake,41.02,-74.03,3034,pollen,96,2,,
2948,Yellow Dog Pond,46.754925,-87.94245,3047,pollen,10251,164,,
2951,Zuehl Farm Site,43.03,-93.87,3050,pollen,13000,1054,,
2954,Pretty Lake,41.583056,-85.25,3563,pollen,13930,0,,
2955,Head Lake,37.71109,-105.740635,3054,pollen,4461,58,,
2956,Canyon Lake,46.833495,-87.92128,15682,pollen,11767,139,,
2959,Basswood Road Lake/Splan Pond,45.25397,-67.33173,3058,pollen,13911,0,,
5192,Little Salt Spring,27.075,-82.233333,17285,pollen,1134,1134,,
6505,Northeast Shark River Slough,25.74642,-80.58386,10967,pollen,3190,22,,
6510,Hemlock Hollow,42.5375,-72.178,10972,pollen,11068,33,,
6519,Little Dyke Lake,45.3855,-63.55975,10981,pollen,13402,11403,,
7534,Deans Lake,44.77528,-93.44692,12007,pollen,862,39,,
7535,Lake Emily,44.30865,-93.92,12008,pollen,235,45,,
7543,Albert Lea Lake,43.65255,-93.284,15248,pollen,484,69,,
8551,Sharkey Lake,44.5924,-93.4132,13029,pollen,12034,61,,
8552,Kimble Pond,44.21895,-93.84015,13032,pollen,12254,1,,
8562,Hoya San Nicol√°s,20.3882,-101.256,13053,pollen,8714,650,,
8563,Hoya Rincon de Parangueo,20.43105,-101.249,13055,pollen,9411,325,,
8585,Horseshoe Lake,38.701798,-90.095027,21792,pollen,1825,19,,
8586,Glimmerglass Lake,46.21517,-89.32082,13097,pollen,11678,3757,,
9708,Linsley Pond,41.317115,-72.784335,14370,pollen,817,9,,
9814,Alpine Pond,37.63632,-112.82446,14517,pollen,2687,1641,,
9830,Lowder Creek Bog,37.67214,-112.792245,14549,pollen,8572,1099,,
9860,Norwood,44.709298,-93.926793,19316,pollen,15231,12483,,
9878,San Luis Lake,37.67773,-105.724665,14650,pollen,410,410,,
9944,South Bog,44.717555,-67.20294,14797,pollen,3200,26,,
9991,Prien Lake,30.19221,-93.27942,14928,pollen,4780,61,,
10002,Lake Arthur,30.05034,-92.7095,14953,pollen,3201,17,,
10002,Lake Arthur,30.05034,-92.7095,14955,pollen,8969,291,,
10017,Lake Louise,49.03265,-97.22993,14991,pollen,1364,8,,
10036,Lily Lake,47.911995,-89.0908,15035,pollen,10666,997,,
10074,Jones Lake,49.450245,-99.289145,15138,pollen,11212,10,,
10075,Mallard Pond,51.287795,-101.32475,15140,pollen,8267,60,,
10076,Makepeace Cedar Swamp,41.93619,-70.75736,15148,pollen,9824,4850,,
10076,Makepeace Cedar Swamp,41.93619,-70.75736,15146,pollen,4183,254,,
10103,Fort Bragg (core PAW2),35.173545,-79.089805,15191,pollen,6411,6411,,
10108,Crawford Bog,43.466528,-79.949167,15203,pollen,10286,123,,
10109,Chesapeake Bay (MD99-2207),38.030278,-76.214444,15205,pollen,23307,2795,,
10110,Chesapeake Bay (MD99-2208),38.537222,-76.486389,15207,pollen,8491,286,,
10111,Chesapeake Bay (MD99-2209),38.886111,-76.394444,15209,pollen,7896,853,,
10112,Chesapeake Bay (PTMC3-2),38.026667,-76.219722,15211,pollen,2177,221,,
10117,Caddo Creek (Core 1),32.043605,-95.505225,15221,pollen,2574,1058,,
10118,Caddo Creek (Core 3),32.045915,-95.50621,15223,pollen,6659,6659,,
10156,Long Lake,44.988845,-93.556405,15294,pollen,3572,29,,
10160,Emrick Lake,43.800155,-89.59428,15302,pollen,13101,23,,
10183,Skinny Lake,57.59498,-130.095975,15342,pollen,6106,596,,
10186,Balsam Lake,42.028785,-74.604205,15350,pollen,16727,120,,
10215,Cootes Paradise Marsh,43.2765,-79.9075,15415,pollen,2522,13,,
10218,Pyramid Lake,58.89215,-129.833915,15420,pollen,3323,315,,
10225,Lantz Site,44.979797,-63.48817,15752,pollen,13389,8983,,
10227,Bass Pond,50.71505,-57.374385,15462,pollen,7988,5635,,
10274,Chalmer's Bog (PL-78-37),50.64525,-114.5435,15564,pollen,6074,6074,,
10286,Albany River Bog,51.435,-83.6175,15597,pollen,5501,319,,
10299,Bear Lake,41.98435,-111.33339,15628,pollen,1085.80335,1085.80335,,
10306,Big Sandy Creek,32.554915,-95.16323,15641,pollen,3543,485,,
10326,Catahoula Lake (core CLR3),31.50844,-92.13152,15684,pollen,5833,271,,
10326,Catahoula Lake (core CLR3),31.50844,-92.13152,15696,pollen,4022,184,,
10347,Fire Lake,52.331985,-67.35709,15730,pollen,5833,4200,,
10348,Goose Bay Marsh,44.351135,-75.87042,15732,pollen,8185,52,,
10351,Harris Lake,49.66656,-109.90446,15738,pollen,8643,1990,,
10357,Lake Shelby,30.260065,-87.66485,15750,pollen,5629,343,,
10363,Lilypad Lake,36.98229,-118.99407,15766,pollen,11778,1327,,
10364,Lost Lake,45.824085,-123.5793,15768,pollen,7490,53,,
10366,Martens Slough (PL-77-20),52.0435,-106.381298,15772,pollen,12657,12657,,
10376,Roulston Lake (MS-78-15),46.89451,-67.4,15793,pollen,10637,5797,,
10388,Porcupine Mountain,52.50635,-101.62995,15819,pollen,5982,207,,
10405,Swan Lake,28.04246,-97.171305,15864,pollen,4040,4040,,
10410,Tulare Lake,36.052,-119.78,15876,pollen,23130,6703,,
10428,Kerr Lake,46.24378,-89.2758,15916,pollen,8160,863,,
10429,Crooked Lake,46.24525,-89.29409,15919,pollen,6172,222,,
10433,Green Pond,42.56705,-72.5108,40861,pollen,10334.5,753.415,,
10449,Stoneman Lake,34.778865,-111.517775,15967,pollen,513,513,,
10461,Pigeon Marsh,34.66359,-85.40132,16009,pollen,22508,9,,
10463,Torren's Bog,40.3563,-82.46925,16012,pollen,12587,108,,
10469,Lower Lake,38.590035,-123.30498,16046,pollen,173,173,,
10476,Cedar Lake,41.20728,-122.4971,16061,pollen,11942,3370,,
10477,Elkhorn Slough,36.82535,-121.76415,16063,pollen,5577,80,,
10478,CA-HUM-558 (Pilot Ridge),40.6617,-123.6691,16065,pollen,5002,11,,
10480,Preston Lake,38.850205,-123.015195,16069,pollen,1222,218,,
10485,Brier Island Bog MS-85-22,44.258194,-66.367778,16079,pollen,13885,11559,,
10496,Pye Lake,44.975933,-62.09061,16103,pollen,13331,112,,
10501,Los Penasquitos Lagoon,32.931121,-117.25287,16115,pollen,551,551,,
10506,Lima Bog,42.78895,-88.8432,16129,pollen,14202,40,,
10515,Binnewater Pond,41.40935,-74.551335,16175,pollen,16606,150,,
10516,Hyde Park,41.78575,-73.90115,16177,pollen,22959,16336,,
10517,Otisville,41.47025,-74.5244,16179,pollen,17451,4658,,
10518,Pawelski Farm,41.33395,-74.43065,16181,pollen,21258,942,,
10532,Sky Pond,40.277895,-105.66917,16224,pollen,13339,13339,,
10548,Dugas Bay Bog,46.301699,-79.38262,16264,pollen,4732,1194,,
10549,Glenora Bay,44.046389,-77.039167,16265,pollen,2824,5.222222,,
10550,Kilbride Swamp,43.464583,-79.915417,16267,pollen,22762,2030,,
10552,Preston Lake,43.986903,-79.37944,16271,pollen,4049,87,,
10553,Rife Swamp,43.467778,-79.986806,16273,pollen,21535,895,,
10556,Webbs Lake,44.167067,-78.1025,16278,pollen,14478,100,,
11557,Lovesick Lake,44.556806,-78.224797,17281,pollen,8700,100,,
11557,Lovesick Lake,44.556806,-78.224797,17283,pollen,10329,305,,
11557,Lovesick Lake,44.556806,-78.224797,17280,pollen,9833,641,,
11602,Beaver Lake,44.919595,-88.15694,17387,pollen,6117,28,,
11607,Piermont Marsh,41.027635,-73.908375,17398,pollen,237,32,,
11610,Lorraine Lake,46.144685,-86.48299,17404,pollen,11120,19,,
11611,Penegor Lake,46.61506,-88.86036,17406,pollen,9615,1,,
11620,Fox Lake,43.6774,-94.698115,19834,pollen,9212,2,,
11696,Benacadie 4,45.91664,-60.69363,17597,pollen,13894,13894,,
11706,Lismore Section,45.70486,-62.27347,17617,pollen,2097,2097,,
11736,Spirea Wetland,43.26191,-80.259242,17689,pollen,13379,1193,,
11805,Lost Swamp,42.82814,-72.4211,17880,pollen,13542,43,,
11925,NEL03,49.496405,-116.905,18108,pollen,645,645,,
11950,Mod Pond,34.787665,-120.586555,18159,pollen,9,9,,
13287,Madelia,44.083333,-94.416667,19812,pollen,16452,10315,,
13290,Killebrew Lake Fen,48.6051,-122.90145,19820,pollen,5936,1609,,
13583,Lake Grinnell,41.098185,-74.63963,20515,pollen,12893,70,,
13641,Pine Lake,52.089861,-113.4425,20643,pollen,672,672,,
14044,Grassy Lake,37.42641,-89.378865,21800,pollen,977,23.1,,
14222,Ochlockonee River,29.987725,-84.447055,22238,pollen,5830,1378,,
14291,Round Pond,42.173985,-72.70505,22376,pollen,12340,3702,,
16242,St. Shotts,46.647495,-53.600965,25147,pollen,2594,2594,,
16242,St. Shotts,46.647495,-53.600965,25268,pollen,1427,1427,,
16242,St. Shotts,46.647495,-53.600965,25192,pollen,3006,1231,,
16242,St. Shotts,46.647495,-53.600965,25190,pollen,8,8,,
16242,St. Shotts,46.647495,-53.600965,25186,pollen,4204,2189,,
16330,Waccamaw River, Turkey Creek Oligohaline Marsh,33.35003,-79.3447,25340,pollen,2190,789,
16332,Waccamaw River, Turkey Creek, Heavily Salt Impacted Swamp,33.34001,-79.34166,25349,pollen,4175,2132
16341,Waccamaw River, Butler Island, Moderately Salt Impacted,33.422823,-79.207996,25368,pollen,1223,99
16384,Lignumvitae Key,24.90197,-80.699085,25491,pollen,1026,1026,,
16466,Rocky Glades,25.613645,-80.742645,25749,pollen,5606,5606,,
16729,Lake 239,49.66332,-93.720205,26606,pollen,10171,343,,
16766,St. Jones River (SJB6),39.081105,-75.44383,26673,pollen,2853,41,,
16767,St. Jones River (SJC6),39.092015,-75.45265,26675,pollen,629,30,,
22558,Black Point Pond,41.349465,-70.66915,39181,pollen,639,24,,
22562,Deep Bottom Cove,41.368725,-70.64218,39190,pollen,326,14,,
22563,Muddy Cove Pond,41.375955,-70.66804,39192,pollen,1283,20,,
22581,Long Cove Pond,41.35961,-70.63147,39221,pollen,804,108,,
22651,Watcha Pond,41.358695,-70.612455,39348,pollen,1408,20,,
22655,Jobs Neck Pond,41.357865,-70.58414,39355,pollen,1182,10,,
23458,Jane's Cove,41.37585,-70.56858,40519,pollen,3837,45,,
23501,Mashacket Cove,41.369905,-70.55215,40591,pollen,872,2,,
23506,Slough Cove,41.358875,-70.539395,40600,pollen,792,28,,
23512,Lagoon Pond,41.428265,-70.60189,40620,pollen,1489,26,,
23515,Lake Tashmoo,41.458815,-70.62957,40625,pollen,407,40,,
23535,Cedar Tree Neck Bog,41.43051,-70.695725,40666,pollen,9340,48,,
23579,Benson Pond,42.377775,-73.09478,40791,pollen,12449.23,4.73,,
23583,Blood Pond,42.08019,-71.96105,40799,pollen,14197.63,12.548,,
23609,Deep-Taunton Pond,41.88215,-71.012,40844,pollen,11198.29,3576.819,,
23614,Doe Pond,42.17535,-72.7018,40854,pollen,11493.71,5981.888,,
23625,Guilder Pond,42.10864,-73.4372,40875,pollen,15150.46,152.423,,
23647,Knob Hill Pond,44.36035,-72.37295,40914,pollen,13924.35,8.234,,
23691,Little Royalston Pond,42.67595,-72.19285,40988,pollen,12985.86,43.834,,
23698,Sears Pond,40.886,-72.5783,41001,pollen,9690.208,7.866,,
23708,Umpawaug Pond,41.306,-73.4495,41016,pollen,8990.033,246.2335,,
23709,Uncle Seth's Pond,41.43305,-70.66464,41018,pollen,9577.005,154.753,,
23713,Ware Pond,42.48245,-70.88225,41025,pollen,5841.757,10.744,,
23714,West Side Pond,41.8545,-73.2566,41027,pollen,13397.17,199.381,,
23715,Glenmire,37.990261,-122.789614,41030,pollen,1291,1291,,
24149,US 2 Bog,46.10254,-85.518905,42379,pollen,1251,223,,
24183,Antler Pond,40.02309,-107.119375,42547,pollen,683,231,,
24237,Northwest Gander River,48.575619,-55.41568,42663,pollen,11718,11718,,
24245,Pool's Cove Pond,47.629055,-55.507565,42679,pollen,11635,8746,,
24267,Moose Pond,47.921715,-55.572665,42712,pollen,10679,10679,,
24269,Conne River,48.24774,-55.493585,42722,pollen,7149,5497,,
24382,Twin Lakes,41.32273,-123.669085,42879,pollen,7346,7346,,
26222,Bonnet Lake,40.66667,-82.13718,45816,pollen,13660,13660,,
26557,Anthony Lake,44.959675,-118.231425,46290,pollen,7184,1282,,
26634,Little Windy Hill Pond,41.433255,-106.33695,46611,pollen,15139,15139,,
26641,Lower Paintrock Lake,44.392785,-107.381835,46645,pollen,13898,12569,,
